1984,1,3,8,2952
1984,0,2
1,4165,1981
0,1984,4,7,8,2952
1984,1249,4163,3,7,4142,21
25,4164
1984,1249,4165
3,4,8,9,21
0,3,7,9,10,17
7,8,17,19,21,4152
8,4112,4113,17,4150

1774,4148,14

4148,12,1983
4163,4142
4145,21,4142,4143
8,9,10,4113,4152
26,4112,4151,4122,28,30
9,4145,20,21,4152,2751
4152,314,19
4,7,9,4142,16,4145,19
4145,23,2751
4144,4145,22
1925
5,4164,4165
1925,18,4122,27,28,1882
1925,26,28,29,30
26,18,4122,27,1882,30
32,27,30,31
4123,18,27,28,29,31
32,1775,308,4123,29,30
33,1960,309,29,31
32,1841,273,309,310
1925
1841,36,1925
35,37,1833,4240,1841
4240,36,1934
39,1925,1934,270
38,40,270,1935,766
41,42,766,39
40,1840,2957,766
40,2994,2996,1840
1856,52,53,1774
1856,2995,1774
4785,2995,4748,46
2993,4748,45
4745,2994,4746
1857,4745,4746,2992,49,2962,2968,253
1762,2992,48,50,2968,1758
4747,4748,2992,4785,49,1758
4740,4747,4785,2963,56,57
1856,4770,4771,43,4785,2995,2963,53
1873,4770,43,52
1873,1930,2972,2970
2970,2972,85,4774
4771,4740,4741,4772,51,2963,2971,1757
4740,4747,51,58,61
1762,4743,4747,57,60,61,1758
1762,4777,1770,2969,60
1762,4743,1770,58,59
4740,4741,4742,4743,2964,57,58,62
1761,4772,4741,4742,4773,4715,61
4706,4707,4708,2954,2955,2956,75,4759
4706,4707,72,2954,1867
66,70,4715,4716,78
65,70,2954,4716,1756
4709,4711,4712,1867,1871
83,85,2974
70,4710,4712,4713,4714,73,76,1871
65,66,69,4710,4714,2954,78
4711,4712,73,1868,1869,1879,4764
64,4706,4709,1867,1872,4757,4158
69,71,4712,4713,74,4764
1760,4713,73,188,187,4764,4766
4706,131,4759,4158,63
1760,69,4713,4714,77,4717
1760,76,4717,82,1875,1759
65,4773,70,4714,4715,4717
1760,4767,187,93,4766,1759
1761,4773,4717,81,82,1875,2971
80,82,83,85,2971
77,80,81,1875,83,1759
68,81,82,84,85,2974,1759
1759,83,2974,4767
98,68,4774,81,83,4380,55,2971,2972,2974
88,89,87
4768,1742,181,86,88,89
166,181,86,87
1864,4768,86,87
4768,1864,1865,1742,180,91
1864,1865,1743,90,2973
1865,2973,180,1877,93,4767
79,180,187,92,4765,4767
97,4769,1743,2973,4382,95
94,4382,1743
97,4382
96,4769,98,94,4382
97,4769,85,4380,2974
4380,4381
2979,2980,104,2991,4727
2990,2991,1874,4726,4695
2978,2980,204,1874,4726
2978,4739,4738,1861,4727
2979,100,1861,105,108,4727
2979,104,108,112,115,4729
4738,107,108,109
106,108,1773,109,4728
4738,1861,104,105,106,107,112,4728
106,107,1773,4757,4762
4737,1768,1773,4758,4762

105,108,113,4728,4729
112,4729,2977,2976
115,2979,116
2977,2979,105,114,116,4729
2977,114,115,117,2975
4730,4731,116,2975
2976,4730,119,2975
4730,4731,4732,118
4731,4732,4733,2982
1933
1306,2983
1306,124,2981
4736,123,2981,4735

2985,4734
128,131,1862,1768,4750,4758
129,1768,4750,4751,127
1768,4737,128,4751
1825,1827,4750,4751,4755,151
1862,75,4758,4759,4760,4761,4158,127
4708,1769,2967,4724,4759,4760,4761
134,1862,1769,1771,4761
133,1862,1863,1771,4239,151
4752,138,136
4753,138,1830,135
1826,1765,1830,4174,4753,3001
1827,1830,135,136,139,4752,3001
1827,1766,138,4754,3001
1953,1826,4238,4175,4756,2999

4779,4173,4749,143,1852
146,1852,4698,142
4700,1772
146,4700,4698
143,145,147,4698,1852
4704,146,1852,4701
4704,1763,4778,150,2749
159,1764,4530,2745,2749,4703
4778,1763,148
130,134,1862,1863,4750,4755
1863,1771,4239,153,154,4124,4125
152,1771
1952,1953,4124,152,155,156,4125
1953,4175,4531,2745,154
1952,161,154,4126,1951
4127,4126,1951
4705,1763,2997,4703
160,4530,4531,149,2745
4530,4531,2997,4127,159
1952,2959,156,2423,4124,1951
1931

192,165,1868,4720,1879
4739,164,1868,1869,1870,4721
88,4387,181,167
4384,1878,4387,166
4384,169,170,4383
168,1273,170
168,169,171,1273,4383
4385,170,176,177,4383
173,174,175,208,209
193,4386,172,174,4110,4111
195,172,173,175,4111,4693
172,4693,174
4384,4388,4775,171,177,1878,4383
4385,4388,171,176,179
4388,4775,4696,179,183,184,189,190
4385,4386,4388,4110,177,178,4696
4765,1865,1742,185,90,92,93
4387,166,1742,182,87,88,185
4387,181,183,184,185
4387,4775,178,182,184
4389,4391,178,182,183,185,190
4389,1742,180,181,182,184,186,4765
192,4389,4391,185,188,4765,191
74,79,93,188,4765,4766
192,74,1879,186,187,4764,4765
198,4776,178,1876,4696,190
4391,178,1876,184,189
192,186,1876,4391
164,4720,1879,186,188,191
194,4386,173,4111
193,4386,198,4111,4696
2752,197,174,4111,4693,4694
2752,211,4694
2752,195,4390,199,198,4111
194,197,4390,4776,4111,4696,189
2752,197,4390,200,201
201,4695,2990,199
4390,199,200,203,2990
4390,4776,203,4718,1876
4390,201,202,204,4718,2990
102,203,4718,4719
4553,4554
1744,4553,207,4551
4551,4552,4553,4557,206
2988,172,1744,209,1745
4556,172,2988,208,210
2986,2987,4556,209,213
2986,212,196
2986,211,2987
4549,2987,4556,2989,210
4550,4551,4552,4788,215,216
227,4550,231,4552,4787,214
2754,4550,4788,214,218,2750
224,4547,228,1746,4149,223
2753,4546,4550,1746,4787,216,2750
4549,4548,2989
221,4546,1749
4546,1747,220,222
224,4545,1747,221
224,4545,4547,1748,217
2753,4545,1746,1747,217,222,223
4545,1748
4786,1850
231,4555,4786,4787,1746,4149,215,1850
4547,229,4786,4149,217
4547,228
4554,4555,4557,231
227,230,4552,4555,4557,215
4372
4129,236,238,4370,4373
4370,235
234,236,237,4369,4370
233,235,238,4369,4370,4371,4375
4369,1859,235
4129,233,236,239,240,4371
4365,238,240,241,4371,4374
4368,4365,238,239
4368,4365,4374,239
1859,1860,4366,4369,4375
244,246,4374
4367,4784,243,245,246,4374
4360,244,246,4367
4360,4361,243,244,245
4360,4362,248,249,250
4360,4361,4362,247
250,251,4362,247
249,251,247
249,250,4362,4109

263,4525,48,2962,2965,2968,254
257,263,4525,4527,4532,253
1858,4523,4524,2957,4527,1937
258,259,4524,268,4526,1937
261,4526,4527,1938,4532,254
256,259,261,2958,4526,2959
256,258,268,2958,1939,276,2423,4537
267,2960,4528,280,4540
257,258,262,4526,2959,4722,4532
261,4236,2959,4722,4725
4237,4722,4532,2965,253,254
1769,1771,4236,4723,4724,4725
266,1770,4723,4724,2967,2969
4708,265,1770,2955,2966,2967,1756
4528,4529,260
256,259,1935,1936,1937,276,766
271,1935,1936,4533,4534,4535
38,39,1934,1935,4533
769,269,275,4534,4535
769,1959,1833,1934,4240,273,274,4534
33,1959,1833,272,1841,4147,310
769,770,1959,272,4241,4147
4544,769,271,4241,4535,4536,4543
259,268,1936,277,4536,4537
4544,1940,276,278,4536,4537
2961,1939,1940,277,4246,4537
2406,4114,1941,4246,1943
260,2404,2960,4528,1941,1942,4538,4539
1755,2404,2405,1942
289,2405,2410,2411,1973,1943
2409,284,1973
2409,283
2411,2412,2413,286
462,2413,285,2446
2408,2412,2413,1970,466,467
2406,4114,4243,1944,4541
290,2410,1943,282,4541,4542
289,2408,297,298,2410,4542
770,4241,4114,4243,4245,4543
770,296,4242,4243,4244,4245
294,1958,4116,4247,4248
293,295,4247,4248,4250,4251,4252
294,296,299,4115,4244,4250,4251
292,295,4243,4115,4244,1944
290,2407,298,4115,1944,4542
290,2407,2408,297,301,466
295,2407,300,4115,4251,4254
299,301,1777,306,4251,4254
2407,298,300,2414,303,1777,466,4254
2414,303,2417,1970,2418
301,2414,302,1777,2418,2422,1080
4264,1961,4265,2443,1971,1076,1077,474
1956,2421,2422,1753,1082,4253
1955,300,1777,1753,4251,4252
1752,4249,1955
4260,1957,1960,1775,311,2748,31
32,33,4259,1960,310,1751,2748
33,273,4242,4147,309,1751
4258,4260,1957,308,313
4257,1957,1775
4258,4260,4261,4262,311,1752,4249
1776,4152,20,4150
2298,316,4311
321,4311,315,2295
2296,318,4308
1931,4307,4308,1847,2297,317
1931
1931
4307,4310,2295,2296,4311,316
323,325,4306,4310,1847,2297
322,326,4306,2297,2300,2301
4312,2298,327
322,4306,4310,4311,4312,4313,2298
323,2312,4297,331,2300,2301
4312,324,1845,2303
2304,331,4309,4314,2299,2300
330,2195,4302,2303
2304,2305,329,4301,4302
326,328,4297,4309,2300,2302

342,4562,1750
4560,4561,342,2464
2464,336,4561,2461,2462
4561,2460,2461,335
338,2460,2461,2458
2457,337,339,1881,2458
1881,338,2453
2472,4565,2454
2466,4562,4563
2464,2466,333,334,4560,4562,1750,348
2467,2468,2469,4568,4567,344
2468,2469,343
2465,4166,4567,2459,348,2463
1792,1109
1792,2465,2469,1109,4568,2463
2466,4166,342,345,2459,2462
350,2455,2456,2457,2458,2462
2455,2457,349,351
352,2470,2449,2452,2453,2455,350
2449,2451,2452,351
2450,2451,4566
2448,2450,355
354,356
355,2325
361,4316,2324
360,2316,2317,4316,4317
4320,2319,2320,4318,4319
358,2314,2315,4315,4316,4317
362,2315,4316,357
2315,361,4315
2314,364,378,4315,1853
2314,378,363,4267




370
369
372,4118,4120,4378,4379
371,373,4119,4120,4378
4376,372,4117,4119
4117,4118,375,4376,4378
374,4118
2307,2312,4297,406,1848
2312,4296,1848,381,1854
363,364,4267,379,1853
4267,4269,4271,2326,378,380
4269,4270,381,379,1853,1854
4296,4270,404,377,380,1854
4267,4268,4271,2326,2327
392,4268,2327,2328,2329
2328,2329,2330
390,2345,4277,4281,2331
387,4278,4279
386,388,2344,4279,4280
2344,4282,387,2342
4280,4281,4278,2343
385,1778,4281,2343
4274,4273,2346,4272
2336,2337,4271,2327,2329,2333,383
2337,2346,2339,4273
2346,2332,2338

1778,403,2332,397
4284,403,396,398
402,4284,397,399
402,4286,4285,398
4345,1778,4283,2341
4345,4282,4283,2342
398,399,1778,4284,4286
4284,1778,396,397
4296,2313,4270,381,406,1848,2333
2308,2309,2313,408,409,2333
2307,2308,4291,2313,1848,404,376
2339,411,2333,4287
409,2333,405,2310
4290,2309,2310,2311,405,408
4291,4292,2308,4294,4295,2309,414
4288,4289,2216,429,4341,407,4287
2208,2209,4289,4288,4341,413
2209,2214,4336,4337,412
4290,4292,2309,4293,410
423,4299,4303,2206
425,4338,4337,2214
2304,2305,2307,4291,4294,2302
419,422,4301,4303,2201,2203,2204
418,422,4304,2201,2202
423,424,4298,4339,2201
2195,4300,461,2203
418,419,4300,2202,2203
420,4299,4303,4339,2201,2204,415
4305,4298,420,2198
416,4176,4340,2214
2213,2215,2221,4335,4176,2234,2235
2212,2214,2215,4176,4336
2221,4334
2216,4330,411,4331
4326,2218,2219,2222,4344
2219,432,434,435,4344,2233
2233,2221,431
4326,4327,2219,2231,2232
4327,2219,431,2223,435,2229
4323,2223,431,4335,434
2213,2348,2349,437,2235
2348,2349,436,440,2361,442
464,442
2369,1969,1972,454
454,441,2349,1972,437,2361,2362,443
452,453,440,2362,443
2369,2348,464,437,438,470,2361
452,2349,2227,4342,440,441,444
4324,2349,2227,443,445
448,4323,4324,2223,2227,444
576,4327,2224,2228,447
576,450,2224,2225,2199,446
449,450,2223,2224,2227,2228,445
448,450,2226,2227,4342
448,449,2224,2225,2226,447
577,457,2126,1967,2225,2226,2072
453,4342,4343,441,443
452,1966,4343,441,2362
1968,1969,1972,439,440,2362
2351,1968,1969,2357,2360
459,1966,2355,2362,2363
451,459,2126,1966,1967
460,2125,1968,2355,2360,2363,476,2367
456,457,2124,1966,2126,2363
2117,2119,458,2124,2125,2367
2195,421,1855
2413,2415,2196,286,1855
2416,465,468,2207
468,469,470,438,442,2366
463,2416,2417,1970,467,468,2364
2408,298,301,2414,1970,287
2413,2415,2416,465,1970,287
463,464,465,2364,2366
464,470,471,473,2365,2366
2369,2350,464,469,471,442
1965,2350,2419,469,470,2365
4266,1964,2417,2418,1080,473
1964,2417,469,472,2364,2365,2366
4264,2443,1964,304,2419
4684,2353,2357,2358,2360,476,478
458,4684,2359,2360,475,2367
2433,4684,4685,4686,2354,2359
4688,2353,2356,2358,475
2432,2433,1063,1064,1065,4687



4621,4623
4622,2655
2653,2654

4617
4618
2657,4619,4620












503,2052,2051,2087,4455,4503,4505
4503,2230,502,504,4502
503,4502,2071,4504,2230,575
4512,2085,4507,4508,4509,2078
4512,4410,2074,2075,4509
4448,4520,508,2072,2073,2076,4510
4448,4492,2073,2074,507
4410,2074,4492,2061
2059,2060,4492,2061,2068
512,513,2085,2065,4506,4507
513,2085,2087,2071,4504,4505,511
512,2065,2066,4501,4505,511
520,2050,4453,4454
516,2053,2055,4479,2035,4511
515,4429,2035,4511
2057,2092,4461,527,4463,4500
2086,519,2063,4464,4463,4499,4501
518,521,2063,2064,4499
514,2050,2051,4453,4455,4456
519,2059,523,2061,2064,4497,4499
554,555,4494,4495,4496,2062
521,524,2062,4464,4497,4498,4499
739,2058,523,558,2062,4464,4463,527
4452,2055,2056,4459,4460,2092,526
547,4452,2091,4459,525,4433
739,517,524,2092,4460,4463
2088,4429,4431,4432,2033,2035
2088,1945,4428,4430
4426,2028,2031
4423,2089,4427,2034,4435
4420,2028,533,537,4412,4413
537,4412,532,534
536,537,4411,533
2025,4411,2084,2100
4409,4411,2100,534
2084,532,533,534,4411,4413
4416,4417,2082,4419,2026
4416,1946,4415
4421,4422,4423,4425,4427,2032,1948
1947,2034,4435,2036,4437,4438,4443
4424,4418,2083,4438
544,4431,4434,4436,1947
4431,4432,4433,2035,4436,4441,543
2081,2049,547,550,4457,2091,4442
2049,548,2036,4438,4444,4445,2047
545,2091,526,4433,4441,4442
546,2083,4438,2047,2079
550,2056,4457,4458,2096,4465,4466,4467
545,2081,4451,549,4457,2096,2097,4467
2048,2042,4440
2048,4449,4450,4451,2097,4469,4446
4490,4491,4484,2093
2054,4489,522,555,4494,2094
522,554,2094,4495,2096
4482,4483,4484,2069,2070
4486,4488,4489,2094,2095,559,4468,4471
739,2058,4458,524,4465
4449,557,2095,4468,4469,4470
4475,4476,2038
4481,4482,4485,564,2041,2044,2045
4485,2095,2043,2044,4478
4477,4473,4474,2045,4478
4480,4481,675,561,2041
569,570,2039,4439
2090,4477,4472,4473,572,1949
4472,4473,2090,578
4427,4430,2032,4434,2034,1945
4399,565,2039,570,572,1949
4480,569,565,4439,2041,1949
2098,4406,4407
2090,4399,566,2040,569,1949

2232,575,2230,2231
576,4327,2067,2071,2230,2231,504,574
4327,447,2067,2199,446,575
451,2225,2199,2072,2076,2077
2401,567
4392,2397,2398
4392,2398,583
582,4392,4404,2395,2399
581,586,659,4405,2165,2399
580,4392,4394,4396,2398,2399
2400,585,4394,4395,589
584,4395,589,4398
582,587,2380,4397,659,4405,601
2400,586,4396,4397,4405
4840,601,4397,4841
584,585,2402
2402,2403,4834,591,2386
4833,4834,590,2386,599,4830
2393,593,2389,2390
592,2393,4811,598
4811,4812,4813,598,2391
596,597,4813,2391
595,597,4814
2392,595,596,4813
4811,4813,593,594,2392
4833,611,591,4829,4830,4831
2402,4840,4841,2387,2388
614,4841,586,2380,4397,588,1816
4824,2378,611,4829
4824,4825,4826,2379
2379,4828,605,2375
4828,2373,2374,604
2373,4821,4822,4823
4842,1822,4838,4839
4826,2378,4827,2382
2370,2371,612,4842,1843,4819,4820
613,4842,2381,2383,1843
4835,2378,2382,599,602,4829,4831
609,2371,615,4818,4819
610,614,2383,2384,1843,2387,1816
4836,613,2380,1843,1816,601
612,4818,2163,4819,662,663
2672,2684
4809,2674
2681,4810
2674,2675,4815
622,2679
2676,622
620,621
629,2686,4789
625,4789,4790,2687
2688,2689,624,4790,4791
4793
4792,4793,2690,628
4792,627,4791
2686,2687,623




2694
4804,636,4805,4806
635,2708,4806,2702
2739,4798,4806,2711
4800,2706,2707,4799
4801,4802,4803
4794,4796
642,4795,2714
2713,2714,641,4795
2712







2700,4353,652
4353,651,2700,2701
4352
4355
2696,4348
657,2697
656,2697,2696

582,586,2380,2164,2165,662
2164,2165,661,2166,2747
673,674,660,2164,662,663,2747
2370,615,2380,4819,2164,661,659,663
673,615,2162,2163,661,662
2157,2158,1839,2161,666
2159
664,667,2156,2157
666
1828,2149,2151,1823
1832,2152,2155,2156,2157,2173
1832,681,682,2171,2172,2173,671
679,680,2171,2172,670
673,4198,2162,2167,2172
672,674,663,2162,661,2167
673,4212,661,2167,2747
4480,4513,4481,4516,676,4517,564
675,4516,4517,4518,4204
2130,2131,2132,2166,2134,2747
679,4211,4212,2168,2169
678,4198,680,4210,4212,2167,2168,2170,2172,671
671,2170,2171,679
4196,682,670,686,2170,2171,2174
4196,2150,1832,681,685,670
2145,2146,2147,2149,1821
2144,1820,2141,2142
2145,2146,4196,2150,682,1837
681,1835,687,2170,699,2174
1835,686,691,2136,2139,2174,2175
2179,4197,2182,4210,2168,2170,699
4195,4232,690,2137,2138,2139
4194,689,694,2136,2137,2139
2136,2177,1835,687
2176,2177,2178,693
2177,2178,1835,692,699
4194,4232,1815,690,695,2137
4194,694,1815,696,2135
2176,4194,2135,695,701,4670
2178,2180,708,698,4222
2179,2180,708,2181,2183,2182,697
2178,2180,4197,1835,686,688,693,2170
2176,2178,701,4222
2176,4222,696,2746,700,4669,4670
4193,2114,1815,703,2135,4670,4671
4193,4232,4651,702,4671
4518,4521,4204,2130,2132,2133
706,710,2122,4203,2133
705,707,2121,2122,2190
706,4675,2181,2183,2190
4675,2181,697,698,4669,4222
2073,2123,4692,4519
705,4521,2122,2128,4692,2133
2120,4208
4681,4682,714,4205,4206
2118,4680,1065,4682,4683,714
2118,712,713,4682,4206,4207
1059,4678,1062,1064,1065,2188,718,4221
1056,1057,2115,720,4666,4219,4220,4668
4679,4680,4681,4682,718,4221
2116,4679,715,2188,717,2189,4221
4675,4676,2746,4220,4669,4668
2113,4218,716,722,4666,4668
4673,4202,4201,4674
4672,2113,2114,4202,720,4218,4670
1057,4217,2101,4663,4664,4665,1052
4673,4199,2184,2186,727,4664,4217
4674,4200,4651,2111,2109,2110,4671
2184,4659,2103,727,1048,730,1052
4199,2184,4659,724,726
4655,4662,4214,2104,4215,4216
4200,2187,4652,4660,2108,2109
4199,2187,4653,4659,2103,4662,726,2104,2106
2693,4230,4231,1844,2742,733
1844,4230
4228,4229,2693,4230,731,734,735
4229,733,4230
2744,4228,733,2693
4228,4227,1012
2154
2123,2124,2126,4208,4209
2056,4458,4460,524,558,527
2802,2804,4615
4614,4616,2888,2802,2803,2804,2810
2802,2803,2930,743
744,2930,742,2935
745,743
744,2937,2935
2889,2937,2934,2935
2928,2926,2927
2923,2925,2885,2926
2914,2921,750,751,752
752,749,2885,751
2914,2884,2885,2923,2924,749,750
2921,753,749,750
752,2921,754
2921,753,2920
2913,756,2911
2913,2915,755,759
2918,2887,2904,2905,2906,2907,2908
2915,2916,2890,2897,764
760,2897,2915,756
2897,2898,761,759
760,2898,762
761,2898,763,2893
765,762,2893
2890,2891,2893,2897,2898,758
768,2893,2894,2895,763
39,40,41,268,2957,1935,1937
774,775,2854,2886,2858,2892,2894,2896
2886,765,2894
271,272,4241,274,275,4534
291,292,4241,274,4242,4147,4245
2849,2850,2851,772,2847
2849,771,2851,2856,2878
1218,2931
2882,2853,775,2857,2858,767
2880,2882,774,2892,798,767
2857,2852,789,2847
2848,778,2859,2847
777,2859,785,2865
780,2867,2869,2874,2875
779,2875,2868
2868,782
2873,2875,2868,781
784,786,2872,2871
2862,783,2869,2870,2871,2872
778,2862,2864,2865,2867
783,2876,2861,2871
4033,1194,1191
1180,1181,4782,2855
2853,776,2857,2845,2841,2877,2847
2835,2838,791,2841,2842,2843
2861,2838,790,2840,2842,2844
2945,795,796,2839
2882,2853,2835,2836,2837,2841,2877
2945,2940,1901,2834,2939,796
792,804,796,2830
2945,1901,2830,792,794,795,2941
2947,2948,1166,1167,1169,1170
2880,2881,2882,775,2837
800,2881,802,2831,2833,2900,2901
801,802,2833,2940,2941,799
800,2946,802,2830,2832,2941
800,801,2831,2832,799
2946,804,2827,2828,2830
2827,795,803,2830
808,809,2827,806
805,807,809,2827,2828
806,809,2828,2829,2943
805,2825,2826,810,809
805,806,807,808,810,2943
808,809,2826,813,2943
2821,2824,2825,2826,812
2820,2821,2823,2824,811,2942
2822,2824,2826,810,2943
2944,817,4604,820
816,818,2820,2823
2823,815,817,818,819,820
814,816,819,820,4603,4604
816,819,2819,815
2819,816,817,818,4603
2944,2823,814,816,817,2942
2816,2817,4604,2813,2815
2817,823,825,4603,4606
4602,822,824,825,826,4606,831
2816,831,823,2813,4606,4607
826,4595,822,823
4599,4595,4598,823,825,4602
828,4598,4599
4600,827,2805,4599
4600,4609,2805
2938,4611,4615
4613,823,824,4601,4602,2811,4607
1177,1178,1179,2855
4610,4612,4613,2808,2809,2812
2818,2663
4594,4596,2662
2659,4591,2660,2639
4591,2660,839
4592,2652,2639,2636
4592,2660,837,2661
4586,2652,2637
2631,842,4587,4588,2634,4593,2649
841,2633,4587,4588
2648,2628,846,4583
2649,2650,4587,4589
2632,2651,4589,4590
848,843,2628,2645
4582,2640,2641,852,4597
4580,2645,846,2647
2643,852,4582
2626,4579,4574
4640,2625,852,4570,4571
4640,4582,847,2641,849,851
2616,4577,4578,4575
4577,858,4646,4647
4642,4644,4646,856,2618,859
4641,4642,2613,855,2618
2640,4641,2667,2613
4648,4645,854,4647
4646,4647,855,2617,2618,4605
2666,2613,2618,4605
4648,4649,2615
2497,4643,4645,880,4627,863
2497,4645,2617,4605,862
865,2619
864
4576,875,4634,2490,4638
4634,2475,868,2477
867,4636,869,2477
868,4939,2477,2478,4635,4636
2476,4637,2020
872,2481,2480
871,2481,2482,2484,2485
972,2606,2483,2484,2485
2490,2492,877,2493
4576,866,876,4633,2490
4632,4633,875,4576
874,4631,2493,879
4632,4633,4643,2491
4631,877,4630,2495
4643,881,862,4627,4629,4630,2491,2494
2496,4627,880,4629
2498,2499,2665,4909,4626,883,4628
2498,4626,882,887
2496,2499,4908,4629,888,890,891,2495
4908,4909,4910,4885,886,895
2664,2668,4909,4910,4626,885
2664,4626,883
2624,884,889,890,2495
2624,897,2671,4913,888,890
4907,4913,884,888,889,891
4907,4908,884,890,895
920,2515,2013
896,2668,4910,4884,4885,2013,894
896,4884,4922,893,2527
4907,4908,885,4885,891
2514,4885,4922,893,894
901,902,2508,2671,4913,4914,889
899,2508,2513,2514,4922
898,901,4903,4905,2508,2513,916
2506,4914,2507,2671
897,4899,899,902,4905,2508,2512
897,4899,901,2507,4914,4915
4900,904,2511,912,2517
4899,4900,903,4904,912,2512
4900,906,907,908,2509,2510,2006,2015
4899,4900,905,4915,2006
4900,4901,905,909,2511,2516,2015
905,2509,4917,2006,2007
2592,4901,907,1006,2516,2517
1000,4897,4898
912,913,4898,2517
903,904,4904,911,913,914,2517
4898,4902,911,912,914
4902,4904,912,913,915,916
4902,4903,914,916,2518
899,4903,4904,4905,2512,914,915
938,4912,2513,4882,4886,918,4922,2527
2531,4882,917,919,2527
2528,2529,2531,4883,918,923,2527
2529,4883,892,2013
2529,922,923
921,923,2532
2529,2531,2532,919,921,922,924
929,930,2530,2531,2532,4880,923
4624,4625,2534,2535
4624,4625,2538,2533
4880,2532,2533
2536,2537,2538,2541,4879
930,2536,2537,2539,4880,924
929,2530,2539,924,2526
932,2541,2542,2540
931,935,2540,2542,2543,2544,4881
4920,938,940,4912
2547,940,2526,935
932,934,4877,4878,2543,4881,2547
937,4876,4877,2543,2544,2545,2546
936,2545,2546
933,4912,917,4886,4920
940,2519,4920,2522,2523,2525
933,934,939,4887,4920,2525
4902,942,2518,4921,2522
4906,941,945,4921,2522,2523
945,4921,2520,2521,986
2520,2521
4906,942,943,946,4921
4906,945,947,953,2554
4906,946,2550,950,2554,2524
2010,2547
2553,2546,4876,951
947,2550,4887,4888,2524
2548,2549,4876,949
2552,2553,2010,2549
946,4874,2554,4871
2022,2552,2553,955,2556
961,2022,2638,2553,954,956
961,955,2553
4874,958,4871
4874,4875,957,959
960,963,4875,958
959,963,4911
955,956,2638
963,964,968,4873,2557,2558
960,962,4911,2558,959
962,4873,2638,2557,2559
2560,2561,966,967,968,4873,2009
2560,2009,965
2560,969,965,2561
2561,2562,962,965,4873,2558
2561,2012,967
2012,2564,2565,2566

2609,2605,2606,873
2609,2605,1813,974
973,1813
2612,1813
1809,2611,2612,1813
1809,2610,2611

980,2572
979,2572


2568,4890,2567
2569,2570,2571,4890,4895
2571,2581
4871,2669,943,2585,2586
2584,2585,988,2669
987,2669,2584,4889,4891
992,993,2579,4923,4892,4894
4896,1000,1001,2670,2580,2587,2588,4893
4896,992,4889,4893,4894
2583,4889,4891,4892,989,4894,991
994,2582,4923,4892,989
2576,993,2578
996,2575
995,2574
998
997,999
1001,1002,2588,998
910,2670,2014,2587,990
2588,2580,990,999
999,1003,2588,2589,2590
1002,2591
2593,1005,2591
2593,1004
2592,2014,2590,909
2592,4901,1008,1009,4918,2015
2592,2593,1007
1010,4918,1007
2593,2595,1009,4918,4919
4180
736,4228,4229
1817,4180,4181

4842,4820,2372
1824,4182
1824,1829,4182,4183
4184,1020,1829,4183
1831,1834,4184,1020,1022
4186,1831,4184,1018,1019
4842,2372,4821
4184,1834,1019,1836
1024,1025,4187,1836,1842,1979
1025,4130,1979,4191,1023
1024,4130,1026,1842,4190,1023
1025,1027,4189,4190,4223
1026,1028,1842,4188,4189,4190,4223
1027,1838,1842,4187,4188
1834,4359
1851,1846


1034
2439,1033,1036,1037,1040
1040,1036,2438
1040,1034,1035,1037
1034,1036,2439
1041,2438,1039
2438,1038,1040,1041,1042,1043
2438,1034,1035,1036,1039,1043
1042,2437,1038,1039
2437,1039,1041,1043,1045,1046
1040,1042,1039
2434,2436,2437,1045,1050,1053
2437,1042,1044,1046,1050,1051
1042,2101,1045,2102,1051
4658,4213,2102,4214,2104,1049
4658,2101,4661,2102,726,2103,1052
4215,4213,1047
2434,1051,1044,1045
2434,2445,1045,1046,2101,1050
2184,723,4661,2101,4663,1048,726
1058,2435,2436,2434,2441,1044,1054
2434,1059,2441,2445,1053,1055
1056,1057,2445,1054
1057,1059,4219,716,4667,1055
1056,716,2445,723,2101,4665,4666,1055
2435,1060,1061,2441,1053,2430
1056,1061,1062,4678,2441,715,4667,1054
1058,1061,1063,1066,2430,2431
1058,1059,1060,1062,2441,2442,2431
1059,1061,1064,2442,715
2432,1060,1064,1066,1067,479,2442,2431
1062,1063,1065,2442,715,479
2433,1064,4680,713,4683,715,4221,479
1060,1063,1067,1069,2429,2430
2432,1063,1066,1069,2428
2444,1069,1072,4690,2427,2428
1066,1067,2444,1068,2428,2429
2432,4687,4688,4689,1073,2427
1072
2444,1068,1071,4690,1079
1070,4689,4690,1074,2427
4689,1073,2368,1075
2440,1074,2368,1077
1961,1962,304,1077,1079
2440,2443,304,1075,1076,1079
4128,1082,1961,4265,1963,1971,1081,1754
1962,1072,1076,1077,2424
4263,4266,303,2418,2421,2422,472
4263,4264,4266,1971,2420,2421,1078,1082
1956,305,2421,1078,1081,1754
2726,4862,4863
4867,4868
4861,2734,2735
2733,2734,1087
2733,2734,4858,4860,1086
1089,1090,4855,4856,4859,4860
1088,4857,4859,4856
1088,4854,4855
4856,4853,4854,4855
4849,2732,1093,4852
1092,4849,4850,4851,4852




4345




1104
1103
2738
2736,2738,1107
2736,2738,1106,4938
2737,1245
1792,346,347,2469
1792
1792,1114,1112
1111,1114,1115,2236,2238
2240,2237,2238
1792,2243,1111,1112,2236,2239
1112,2236,2237,2238,2239
1120,2240,2247,2250,2237,1119
2240,2241,2250
2241,2250,1125
2244,2247,1116,2237,2239
1121,1123,2247,2250,1116
1120,1123,1124,2248,2249,2250,2252
1123,2244,2245,2248,2249,1130,1133
1120,1121,1122,2244,2247,2248
1121,2250,2252,2253,2254
2257,2250,1118
1792,2465,2459,1127
1792,1129,1128,1126
1792,2246,1127,1129,1131
1127,1128,1131,1132,2261,2270
1122,2245,1133,2258,2259,2260
2246,1128,1129,2258,2259,2261
1129,2261,2263,2267,2270
1122,2249,1130,2252,1134,2260,2262
2252,1133,1136,2262,2264,2265
2255,1141,1142,2264,2265,2266,2267
2265,2266,1134
2253,2254,2255,2256,1138,1139,1140,2294
2256,1137,1140,2257
1137,2290,2291,1140,2289,2294
1137,1138,1139,2289
2277,1135,1142,2267,2268,2269
2277,2255,1135,2291,2292,1141,2294
2289,2290,2291,1144,1145
1152,1153,2291,2292,1143,1145
1152,2288,2289,1143,1144,1146,1151
2288,1145,2289,2293
2272,2275,2277,2278,1149,1148,2269
1153,1154,2278,1147,1149
1153,2277,2292,1147,1148
2288,1162,2293,1151
1152,1161,2288,1145,1150
1153,2280,1161,1160,1144,1145,1151
1152,1154,2280,2292,1144,1148,1149
1153,2278,2279,2280,1148
2274,2275,2276,2278,2281,2283
1159,2281,2282,2283,2286
2283,2276,1158,2287
1157,2285,2286,2287,2931
1156,2282,2284,2285,2286
1248,1152,2279,2280,1161,2282,2284
1160,1248,1152,1151
1163,1150
1162,1164
1163,4077
1168,4077,4078
1800,1167,1170,1171,797
1169,797,1166,4079
4080,1165,4078
2948,4078,1167,4079,797
2947,1800,1166,4081,4083,797
1800,1172,1166
1800,1171,1174

1800,2863,1172,1175,1176
1176,1177,1174,2863
1177,1178,1174,1175
832,2855,2863,1175,1176,1178,2879
832,1177,1176
832,1180,2855
1179,788,2855
4782,788,1182
1185,1181,2951
1184,2949,2951,1800,4783
1187,1188,2949,1800,1183
1186,2950,2951,1191,1182
1185,4037,2950,4038,1190,1191
1184,1188,1189,2950,1190,2949
1184,1187,1189,1800,4105
1187,1188,1190,4105,4045,4046
1186,1187,1189,4038,2950,4046
4033,1186,1185,4037,787
4026,4029,4030,4031
4030,4021,4022
4048,4033,4034,787
4040,4041,1196,1197
4040,4057,1195,1198
4034,4035,4041,1195,4048
4057,1196,4054,1199
1201,1198,4054

1202,1199
1201,1203
1202,4050,2795
2779,2781,2774,2775
2785,2787,2788,2023,2791
2784,1209,1207,2777,2778,2779,2780
1209,2791,2792,2772,1206,1208,2777,1210,1211
2792,1207,2789,2791
1217,2759,2760,1206,1207,2778,1210
2790,2760,2763,2772,1207,1209
2792,2772,1214,1207
2790,1222,2760,2761,2759,1213
2790,1223,1222,2767,2768,1212
2772,2763,2764,1211
1216,1220,2798,2799,2801
4032,2758,2762,2798,2769,1215
1209,2755,2759
2800,2801,773
1220,1221,1227,1228,2797,2796,2799
1219,2799,2800,2801,1215
4032,1219,1224,2797,2798,2799
1223,2761,2769,1212,1213
1222,2768,2770,2771,1213
4032,1221,1225,2796,2797
4032,2786,1224,1226,1228,2796,2765,1231,2770
1225,2765,2766,2768,2770
2321,2322,1219,1228
1219,1225,1227,2796,1231,2322
2786,2764,2765,1231,2766
1232,1233,4318
2786,1225,1228,1229,2322,2323
1230,4318,2318,4319
2321,2322,1230


2720,2719







2717
2737,1108


1160,1161,2284
1984,4163,4,6























169,170
































122,123,2981



















































































































































































































































































































































































































































4768,180,181,87,185,90
1864,91,2973,94,95
208,1745,206,4551
2754,4551,2988,1744,208,4788
224,2753,227,4787,4149,217,218
224,2753,4546,221,222
4545,225,223
4546,220,4548
4560,333,342
4259,1958,4242,4244,309,310,4248,4250
4249,1955,1956,4262,307,313,4253
1955,305,306,1777,2422,4253
4128,1956,4261,4262,1078,4121,1082,4255
281,4705,4529,2404
66,266,2955,4716,2956,2954,2966
4770,4771,4774,56,2970,2971
1762,4747,49,50,58
1760,77,79,82,83,84,4767
4713,74,76,77,79,4766,1759
4772,4773,80,2971,62
4777,49,2965,2968,58,59,60,1758
148,150,2749,158,4703
149,2999,2745,2749,4702
1826,137,4779,4174,2999,3000
1827,1863,139,4755,4125
4762,4758,4757,4158
128,4737,129,110,4758,127
132,133,264,1771,4724,4761
4743,265,266,2966,2969,59,60
133,134,264,1769,4239,4725,152,153
144,4700
107,109,110,4728,4762
1856,43,12,44
1776,308,4150,4151,312,4123,31
314,4150,1775
300,301,303,306,2422,1753
2338,2340,2341,390,2343,2342,396,400,4284,403,402,4283,2332,4286,2335

2435,2444,2429,2430











2465,2242,2243,1114,1126,1127,1128,2246,2245,1109,1110,1111,346,347







4105,4107,1166,1170,1171,1172,1174,1183,1184,1188,4780,4781,4783,2863,2879,4081,4083,4093,4094








976,977,2610,2611,1813



2603,2605,974,975,976,1809,973,2612

4193,4232,694,695,2135,702
613,614,4841,2387,601
4181,1013
4185,1819
4185,1818
2144,2145,684,1837,2142
2144,683
4838,2377,4842,4822,4823,4827,607
668,2147,2148,2149
1016,1017,4182,4183
4752,130,1827,4751
1765,137,140,4756,2999,3001
1825,130,1766,138,139,4752,4755
2152,2155,668,2151
4184,1017,1018,4183
136,137,138,4753,3001
4186,1019,1020
2150,2151,669,2152,682,2173,670
36,4240,1841,273,272
1029,1019,4359,1836,4187,1022
2177,686,687,691,693,699
1979,1834,4187,1022,1023
2145,4196,685,2142,1820,2174,2143
1028,4359,4187,4188,4223
2157,2161,2162,664,2172,2173
1858,41,42,2957,2996
33,35,36,1833,273
1025,1027,1028,4187,4190,1023
609,2370,610,4836,613,614,4842
4230,4231,2743,731,732
327,4312,4314,2299,2303
4192,1851,1030
322,4307,4310,2297,318
2312,4296,404,406,376,377
2185,2105,4654,4655
4786,226,4555,227
1846,1030
4779,142,143,146,147,3000,4701
378,363,380,1854
377,1853,380,381
461,462
43,44,1774,2995,52
2992,2993,4745,48
4523,2957,1840,2996,255
4369,242,237
4366,4784,242,4371,4374,4375
4738,103,104,108,4727
131,133,134,4750,151,4761,127
134,1766,4239,4755,151,152,4125
4768,1743,89,90,91
180,90,91,92,2973
4720,4718,1870,4719
64,67,4709,4710,72,2954,1871
164,165,71,1869,1879
4709,165,4711,71,1868,1872,4721
1866,165,4719
67,69,4710,4712,1867
72,4721,1869,4709
4770,53,54,2970
2980,101,102,2991,4726
80,82,77,4717
4391,4776,202,4718,189,190,191
92,4767
4384,4387,4775,167,176
192,164,71,1868,188,4764

338,339,2453,2454
4122,26,28


















2940,794,796,2941























34,35,38,24,26,27




2972,4381,54
320,162,2297,318,319

121,4733,2982,2983
37,38,270,4240,272,4533,4534
39,268,269,270,1936,4533,766
268,269,1935,276,4535,4536
256,268,2957,4524,766,255
257,4524,4526,4527
259,2960,2961,278,2423,4537
4544,277,278,4246,4543
4246,1943,280,4538,4539,279
2404,2405,1943,280,281,4539
289,2405,2406,1941,1942,279,282,4539,4541
288,296,297,4115,4243,4541,4542
2088,4430,2033,4434,529,568
4416,2084,2026,539,4413,4415
4434,2034,4436,4437,541,543
2082,4419,4421,4422,2030,540
569,4477,566,2041,570,572,2045

161,156,157,4126
161,154,4124,156
140,4238,4175,154,155,4125
4256,4257,4121,4255
306,307,1752,1753,4252,4253
1082,4262,305,1752,1754,4253
4257,4258,308,311,312,4121
4259,293,4116,1751,4248
272,273,274,4147
32,2748,308,309
4265,1962,1963,304,1076,1078
1961,1963,1076,1079,2424
4128,1961,1962,1078,2424
4264,4266,2419,2420,472,473,474,2365
2440,2443,2350,2352,2419,4691,471
453,456,457,459,1967,4343,2362
451,457,1966,2226,4342,4343
454,455,458,1969,2355,2360,2362
454,455,2351,1968,439
302,2414,2417,466,465,467,287
4264,4265,304,1078,1081
2369,454,439,440,2361
283,282,2411,2405





1024,1836,1023

2,4164,4165

4148,4141,14
0,1249,1,3,4,6,2952














4203,2133


2017,2604,2606,2607,2486
2016,2500,2501,2597,2601,2607
2595,2596,2501,2597,2509,2510,4919
2500,2501,2502,2503,4916
905,906,908,4915,2007
2504,908,4915,4917,2006,2008
2504,2506,2507,4915,2007
4873,965,966,2559
2548,2549,952,2551,2552,948
2562,2563,2564,4872,2582,2583,4892
4872,969,970,2564
2668,4883,4884,2515,920,892,893
1000,1006,2587,2589,2590
4901,905,907,2510,1007,4918
2017,2594,2596,2597,2598,2599,2600,2601,2003
2016,2600,2601,2602,2604,2607,2002
2488,2482,2607,2487
2505,2607,4916,2488,2489
2478,4637,870,4636

954,955,2557,2638
2791,1205,2777,2782,2783

2084,535,4414,4415
4416,4419,2030,538,4413,1946
2049,4442,4443,4437
4420,2031,530,532,4412
2032,4426,4428,4430
4419,4420,4421,2026,1948,4413
4420,4425,4426,2028,2032,530
4425,4426,4427,2029,4430,2031,568,540
2088,4431,528,4434,1945
4427,4434,4435,531,568,1947,541
544,515,4452,516,2055,4429,4432,4433,528
2049,546,4438,4443,541
4449,2042,4476,4470
560,4474,4475
569,565,4399,4439
2090,572,2397,4399
4480,561,2045,564,570,1949
2048,4449,2037,551
4485,4488,2095,562,4471
4485,561,562,2045,4478
561,563,4477,2041,2044,1949,4478
4482,4483,4485,4487,4488
546,548,4447,4445,2079
4449,4450,551,552,4440,2042,4447
545,2081,546,2027,2036,4442,4443,4444
520,514,4456,4454
520,4453,502,4455
2053,4455,2057,2066,502,4505,4479
515,2052,4455,4456,4511,4479
4486,4487,4489,4490,554,2093,4494
515,4452,2092,525,4461,2035,4479
739,549,4457,4458,4459,4460,525
2052,517,2086,4461,2066,4500,4479
524,558,2062,4495,4465
521,2060,2061,4497,510
2059,4493,4497,4498,2068,510
521,2059,4492,2064,4410,509,510
522,523,524,2058,4495,4496,4498
518,519,2064,2065,4501,4506
519,521,2061,4462,4506,2063,4410
513,2063,4501,4506,511
513,2052,2086,2057,4501,4505
576,2071,2199,2078,575
4491,2060,4493,510
4514,4515,4484,556,2070
4513,4514,4481,4482,556,2069
512,2085,4504,2067,504,2078,575
577,451,4520,507,2076
709,4519,4520,2123,2127,507,508
4448,4492,4410,506,2075,508,509
4448,506,2074,4509,4510
577,2072,507,2077,4510
577,2076,2199,4508,4510
2085,2067,2071,2199,505,4508
4440,548,4447,2047
2095,4470,4475,4476,4478
545,2049,4451,550,4444,4446
4417,4418,4419,4422,2089,538,1948
548,4438,542
2025,535,537,1946,4411,4413,4415
512,2071,505,4507,2078,511
518,2057,4463,2066,4500,4501
512,4502,4503,4504,4505,502
528,2033,1945,529
4418,2082,4422,4423,4424,531,4435
566,567,4472,2040,572
545,547,4457,4459,526
517,2055,4460,4461,525,527
2054,553,4490,4491,4493,4494
4489,554,555,557,2096,2097,4468
2080,557,559,562,4470,4471,2043,4478
549,550,555,2094,4495,2097,4466,4467
4451,550,552,2094,2096,4468,4469
2099,4406,4407,4408,571
4408,2098,4407
536,4409,4411,535
1057,2445,723,4661,2102,1046,1048,1051,1052
4658,2101,1046,1047,1048
2104,4658,726,1048,730
4658,1047,4214,2103,728,4662,730
2185,4653,2741,4662,1849,2107
2187,4653,4660,730,2107
4652,4653,4656,4660,2741,2105,2106
4674,4201,2186,2187,729,2109
4674,4200,725,729,2108
4231,4200,4656,725,2743,2111
2112,4651,725,2743,2110
4232,4651,2111
720,722,2746,4668,4670
4202,702,722,4670,4671
4220,4667,4219,716
4679,2121,4205,2189,718,2192,2190
2118,2119,4683,460,2354,2359,2367
2117,2119,713,714,4683,4207
460,2117,2118,4207
711,2191
706,2116,2122,4205,2190,4206
705,706,710,2121,4206,2191
738,709,4208,4209,2073
738,459,460,2125,2126,2363
458,2363,460,2124
738,451,457,459,2124,4209
2128,2073,4515,4519
4513,4514,4515,4517,4518,710,4519,4521,2127,4692

704,2131,2132,677
2130,2394,677,2166
704,677,2130,2133,2134
704,705,710,2183,2182,4521,4203,1999,2132,2134,2169
2169,2132,2133,677
4670,1815,695,696,702
2177,4194,687,690,691,2139
4232,689,690,694
4232,689
4195,687,689,690,2136,2140,2175
4195,2139,2141,2142,2175
684,4195,2140,2142
1820,684,1837,2140,2141,2175,2143
2174,1837,2142,2175
1821,684,1820
2146,683,1837,685,1820
2145,2149,2150,683,685
683,2148,2149,1823
2147,1823
2146,2147,2150,2151,683,668,1823
2146,2149,2151,1832,682,685
1828,2149,2150,1832,2152,668
1828,2151,1832,2155,669
2154
2153,737
2152,2156,669,1828
666,2155,2157,669
669,2156,1839,664,666,2173
664,2161,2160
665
2161,4818,2163,2158
2158,1839,2160,2162,2163,664
672,673,1839,2161,2163,663,2172
615,2160,2161,2162,4818,663
659,660,2165,661,662
2164,659,660,582
660,2131,2747,677
672,673,674,4198,679,4212
678,2182,679,688,4210,2169
678,2182,2133,2134,2168
679,680,681,2171,686,688,4210,699
680,681,2170,670,671
672,4198,679,1839,2162,2173,670,671
1832,2157,1839,2172,669,670
4196,681,1837,686,687,2175,2143
687,2174,2139,2140,2142,2143
2177,2178,4194,692,696,700,701
2176,4194,1835,691,692,693,2136
2176,2180,692,693,697,699,700,4222
2180,4197,2182,688,698
2178,2179,4197,697,698,699
4675,708,707,2183,698
2179,2183,688,2133,2168,2169,698
707,2181,2182,2133,698
4663,724,726,727,4217,1052
4654,4662,1849,4216,2105
4673,4199,4201,2187,724,2108
2106,4199,2186,4660,729,730,2108
4677,4678,715,2189,718,4667
2116,4677,2188,718,2192
706,4675,2116,4676,707,2121,2192
2120,2122,4206
2116,4677,4676,2189,2190


421,329,461,4302,2203
2416,2207,462,2415
4305,2198,2207
424,4305,2197,2207
576,577,2225,2067,4508,2077,2078,447

418,419,420,423,4298,4304,2204
4304,419,4300,422
418,421,422,4300,4301,4302,2195
2201,418,423,4303
4292,4293,2206,4303
2210,4293,2205,415
463,2416,2196,2197,2198
2209,2210,4290,4289,4293,412
2208,2210,412,413
2208,2209,4293,2206
4337,4338,4299
4336,427,4334,2215
426,2348,4176,4340,436,2235
416,425,427,4176,4337,4336,413
2212,426,427,2221,4334,4176
4330,411,4341,429
4329,4330
4331,430,2222
4326,4327,430,431,433,434,4344
4323,4324,4325,2349,4335,2235
2215,426,428,4334,432
4329,2218,4331,430,4344
448,4323,434,435,2228,2229,445
448,450,2228,446,447
577,450,451,2226,2199,447
449,450,451,1967,2225,4342
448,449,4342,443,444,445
448,4327,2223,2224,2229,446
434,4327,2228,2223
504,503,574,575
4327,433,2232,574,575
574,433,4326,2231
432,4329,4344,431
426,2235,4325,4335
2213,4325,426,2220,2349,436,2234
1112,1114,1115,2239
2240,2239,1113,1115,1116,2238,1119
1112,1113,1115,2237
2243,2244,1114,1115,2236,2237,1119
2250,1117,1113,1116,2237
2250,1117,1118
1792,2243,2244,2245
1792,2242,2244,1114,2239
2239,2242,2243,1122,2245,1123,2247,1119
1792,2242,1122,2244,2246,1130,2259
1792,2245,1128,1131,2259
1120,1123,2244,1116,1119
2249,1122,1123,1121
1121,1122,2248,2252,1133
2240,1121,1120,2241,1124,1125,2254,2256,2257,1116,1117,1118

1121,1124,2249,1133,1134
1124,2254,2255,1137,2266
1124,2250,2253,2256,1137
2253,1135,1137,2294,1142,2266
2250,2254,1137,1138,2257
2256,2250,1125,1138
1130,1131,2259,2260,2261,2262,2263
2245,2246,1130,1131,2258
1130,2258,1133,2262
1129,1131,1132,2258,2263
1133,1134,2258,2260,2263,2264
1132,2258,2261,2262,2264,2267
1134,1135,2262,2263,2265,2267
1134,1135,1136,2264,2266
2253,2255,1136,1135,2265
1132,1135,1141,2263,2264,2268,2270
2272,1141,2267,2269,2270
2272,2277,1141,1147,2268
2272,1129,1132,2267,2268,2271
2272,2273,2275,2270
2275,1147,2268,2269,2270,2271
2274,2275,2271
2273,1155,2276,2275,2474
2272,2273,2274,1155,2278,1147,2271
2274,1155,1157,2474,2283
2292,1141,1142,2269,1147,1149
1154,1155,2275,2279,2281,1147,1148
1154,2278,2280,2281,2282,1160
1152,1153,1154,2279,1160
1155,1156,2278,2279,2282,2283
1156,1159,2279,2281,1160,2284
1155,2276,1157,1156,2281
1160,2282,1248,1159
1158,2286,1159
1156,2285,1158,1159
2931,1157,1158
2293,1145,1146,1150,1151
2290,1139,1140,1143,1145,1146
1139,2291,2289,1143
2290,1139,2292,1143,2294,1142,1144
1153,2277,2291,1142,1144,1149
2288,1146,1150
2255,1137,1139,2291,1142
2296,321,316
321,4307,4308,2295,317
322,323,1931,1847,2301,318
324,325,4311,4312,315
328,1845,4312,4313,4314,2300
323,326,328,331,4306,4313,2299
2297,323,326
2304,417,2307,4297,331,4309
329,4314,1845,327
2305,417,328,330,4309,2302
2304,417,4294,4295,330,4301
4301,4295
417,4291,4297,406,376,2302
4291,2309,2313,405,406,410
4290,2308,405,409,410,414
2311,408,409,2333,4287
4289,4290,2310,409,4287
326,4297,1848,376,377
2308,404,405,406,2333
4320,360,363,364,2319,4315,4317
360,361,362,4315,4316
4320,358,2317,2318,4317
4316,2316,358
4320,2316,1232,4319
4320,2320,2314,359
2323,359,2319
1233,2322,1227
1227,1228,1231,1233,2321,2323
2320,2322,1231
357,2325
356,2324
379,4267,382,4271
392,4268,4271,382,383
384,4268,2329,2330,383
2336,384,392,4272,2328,383
2328,2331,384,4277
385,2330,4275,4277
394,396,1778,2338
2337,2339,2310,392,2313,4269,4270,4271,404,405,407,408,4287

4274,4275,2338,1778
2337,392,4272,4273,2329
2336,2339,392,393,4273,2333
2346,394,4274,1778,2332,2335
2337,393,2333,407
1778,2341,4285,4286
400,1778,2340
388,2343,2344,401,1778,4282,4283
389,2342,390,2344,1778,4280,4281
387,388,2342,2343,4280
385,4277,4278,4281
2338,391,393,394,4273,4274

442,436,437,2213
4324,2220,2235,436,437,440,443,444
1965,2351,2352,2357,470,471
1969,2357,2350,455
1965,2350,4691,2357,2358
4684,4685,4688,475,478
2433,2117,4683,2359,477
456,458,1968,2362,2363
2368,4688,4689,4691,2358,478
455,2350,2351,2352,2358,2360,475
2352,4691,2356,2357,475,478
2117,4684,2354,476,477
455,458,1968,2357,475,476
2369,1972,437,440,442
453,454,456,1966,1968,2355,440,441
456,458,459,2124,2125,2355
2417,465,468,473,2366
1964,2419,469,471,473
464,468,469,473,2364
458,476,460,2117
2440,4689,1074,1075,2356,4691
1972,470,439,2361,442
609,4836,2380,4819,1843,662
609,4818,612
4842,1021,1015
2374,605,606,4823
2373,2377,4823,4828,605
2376,4825,2379,604
4825,2375
2374,2379,4823,4826,4827,4828,1822
608,611,2382,4824,602
2375,2377,4825,4826,603,4828,604
2370,4836,614,586,659,662,601
610,4837,4839,4842,2383
608,611,4835,4837,4838,2378,2385,4827
610,613,4837,2381,2384,2385
2385,2387,613,2383
4832,4835,4837,2382,2383,2384,2387
2403,590,591,2389,4830
4832,613,4841,600,2384,2385,2388,1816
4832,4833,2402,4834,2387,600
592,2386,2403,2390
592,2393,2389
594,595,4813
597,4813,598
4811,4812,592,593,2390
2395,2131
2394,2396,581,4404
4392,4399,4404,2395,2397
579,4392,4399,2040,2396
579,580,583,4392,4393,4394
581,582,583,4392,4396,4405
584,4394,587,4396,4397
578,4395
4834,589,590,2388,600
2386,2389,590
4528,4529,1942,280,281,1755
1973,1942,1943,281,282
288,4114,1943,279,4541
297,298,299,301,4115,4254
290,298,2410,2412,466,287
283,284
289,290,2408,2411,2412,282
2410,2412,1973,282,285
2408,2410,2411,2413,285,287
2412,462,2415,467,285,286,287
301,302,303,1970,466
2413,462,2416,467,2196
2415,463,465,467,2196,2207
302,465,2418,1970,472,473,2364
472,302,303,2417,1080
2443,1964,1965,471,474,2365
4264,1081,4266,1964
4263,305,2422,1080,1081,1082
303,305,1777,2421,1080,1753
161,259,2958,2959,2960,1939,4540
4256,4128,1962,1963,1079,4255


2432,1068,1070,1073,4690,2428
2432,1067,1068,1069,2427
1066,2444,1069,1780,2430
1058,2435,1060,1066,1780,2429
2442,1060,1061,1063
1063,1067,1070,4687,2427,2428,479
1065,4683,4686,4687,2354,477,479
2445,1044,1050,1051,1053,1054
1058,2436,1780,1053,2430
2435,1044,1053
1041,1042,1044,1045
1040,1035,1038,1039
1034,1037
2368,2443,1965,4691,1075,1077
1058,1059,1061,1053,1054
1061,1062,1063,1064,2431
2440,1965,304,2419,1077,474
1068,1069,1072,1780,2429
1057,2434,2101,1051,1054,1055
286
2448,2473,4566
2447,2450,4566,354
352,2451,4566,351
2448,353,354,4566
352,353,2449,4566
352,2470,2472,4565,2453,351
339,2452,4565,2454,1881,351
1881,340,4565,2453
2456,349,350,351
349,2455
338,349,350,2458
2462,337,338,2457,349,2461
345,2465,348,1126
336,337,2461
335,336,337,2458,2460,2462
335,2458,348,349,2461
2465,4567,4568,345,347
4561,342,334,335
1792,1126,2459,345,347,2463
2467,4166,4562,4563,341,342,348
2466,4567,2468,4166,4563,343
344,4563,2467,343
4568,1109,343,344,347
2452,351

2452,340,4565
2474,2447
2473,2274,2276
4634,867,4638
2480,4637,870,2479
867,868,869,4939,4634,4635
2020,869,2479,4635,4636,4637
2480,2476,4637,2478
2479,2481,2476,871
872,2482,2480,871
2018,872,2481,2485,2487
873,2484
872,873,2483,2485
872,873,2606,2482,2484,2486,2487
2606,2607,2002,2485,2487
2018,2607,2482,2485,2486
2018,2019,2607
2505,2019
866,874,875,4633,2492
4643,878,880,4633,2493,2494
2490,4633,874,2493
874,877,4631,4633,2491,2492,2494
880,4630,4631,2491,2493
879,884,4629,4630,888
2499,881,4627,884,4629,4628
2665,2666,4627,4628,4605,862,863
2665,2666,2667,882,883
2496,4908,4909,882,884,4628
2501,2607,2003,4916,2005
2500,2597,2502,2509,2003,2004,2005
2501,2503,2504,2509,2005,4917
2502,2504,2505,4916,2005
2502,2503,4917,2007,2008
2489,2019,4916,2503
2624,900,2507,2671,2008
900,902,2506,4914,4915,2008
897,898,899,901,4913,2514
2501,2502,905,908,2510,2004,4917
905,2509,2004,4918,4919,2015
4900,903,907,2516,2517
4899,901,904,4904,4905,916
898,899,4903,917,4886,2519,4922
896,898,4907,2508,4913,4885,4922
2664,892,2668,2013
2517,907,909,2511
4897,4898,903,909,911,2511,912,2516
4902,4903,941,915,2519,2522
4903,939,2513,2518,4886,4920,2522
944,2521,943
944,943,4921,2520
939,941,942,2518,2519,2523
4906,939,942,2522,2525
4906,947,950,4887,2525
4906,939,940,4887,2523,2524
4912,930,2530,934
2528,4884,917,918,919,4922,894
919,4883,4884,2527
4883,919,920,921,923
930,2531,4912,4882,924,2526
2530,4882,918,919,923,924
4880,922,923,924,927
2538,4880,4625,926,927
4625,925,2535
925,2534
928,929,2537,2538,4880
928,929,2536,2539,4879
928,2533,2536,4880,926
929,930,2537,4878,4879,4881
931,932,2541,4879,4881
928,931,2540,4879
2544,2545,931,932
932,935,936,4877,2544
932,936,2542,2543,2545
936,937,2544,2542
936,937,4876,949
948,934,935
4876,4877,2549,951,2010
952,2010,2548,951
4888,947,950,2552,2554,2555
2552,2010
2010,4888,2550,2551,952,2553,954,2555
949,952,2552,954,955,956
4874,946,947,2550,953
2552,2556,2550
954,4875,2555
2638,962,964,2022
962,2562,963,968,2583
4873,964,2009
965,966,967
2563,965,967,968,969
968,2011,2558,2583
4872,2561,2011
2566,4872,970,2582,2011,2012
2569,970,2566,4895
2564,2565,2570,970,2581,2582,4895
2568,983
4890,2567,983
984,2565,4895
2566,2571,2581,984,4895
984,985,2570,2581
979,980
2574
996,2573
2576,995
2578,994,2575

2576,4923,994,2579
2578,4923,989,4894
1001,4893,990
2566,2570,2571,2582,985
993,2564,2566,2581,2011,4892
992,4891,2562,4911,2011,4892,2558
4896,2670,4889,987,988
986,2586,987,2669
2585,986
1000,990,2588,2589,2014
999,1001,1002,2587,2589,990
2590,1002,2587,2588,2014
1002,2589,2014,1006
1003,1004
4901,909,1006,1007,1008
1008,1010,1004,1005
2016,2596,2598
1010,2004,2596,4919
2016,2594,2595,2597,2004
2016,2596,2501,2003,2004
2016,2594,2599
2600,2016,2598
2016,2017,2602,2599
2016,2017,2003,2607
2600,2017,2603,2604
2602,2605,2604,1813
2017,2602,2603,2605,2606,2002
2603,2604,973,2606,972,2609,1813
873,972,2604,2605,2002,2485,2486
2017,2018,2019,2500,2601,2002,2003,4916,2486,2487,2488

2605,972,973
1809,977
976,977,1809
976,1813,975
4641,2666,2667,856,857,2618,860
4640,4641,4642,2641,4572,2620,4639
4632,4649,861,4576
4577,4642,4578,4644,4646,853,2620,4639
4645,4647,859,4605,863
2613,855,856,859,860,4605
864,4638
4578,2621,2642,2614,2616,4572,4573,4639
2622,4572,4573,2620,2623
2625,2626,2644,4571,4572,2621,4574,2623
2621,4573,2622,4574
888,889,2506,2671
4640,851,4571,4572,2622
4574,850,2644,2647,2622
4580,4581,2643,4597,2646,2645,4570
2629,4581,4583,843,846,2645
2628,4581,2630,4583,2646
2629,4583,4584,2631,2648
2630,4584,841,2634,2649
4589,2650,845
842,2651,4590,4587
2631,4584,841,4585,4586,4593
4586,4588,2636,4593,2652
4592,2635,2652,838
2648,4585,4586,840
961,964,2022,955,2557
2660,2661,838,836,4592
857,4641,2641,847
4640,4641,847,2640,852,2614
4578,4579,2620,4573,4574
2627,4582,849,4597,4570
2626,4580,2647,4570,4571,2622
2627,4580,4581,2628,846,848
4581,2627,2629,4597
848,4580,2626,2644
2630,4583,4584,4585,843,2637
841,4587,844,2631
2632,844,4589
2633,845,4590
838,840,4586,2635,2636
485,2654,2655
485,2653,2655
484,2653,2654
4578,4579,4575
2658,4617,4618,4619,489
2657,4618,4619
4596,836,2662,4591
836,837,2661,839,2639,4591
4592,2660,2639,839
835,2659,4596
834,4594
2668,4626,2515,886,887
2497,2498,2666,882,4628
2497,2498,2665,2667,2613,860,4605
857,2498,2666,2613
2664,893,4910,2515,886,2013
2585,986,987,988
1000,2584,4896,990
2624,897,900,2506,4914,889
616,2673
2672
617,619
619,2676,4815
2675,621,4815


4817,620
4816,2681,4817
2680,618,4816


616,4810

4789,629,2687,623
624,629,4790,4789,2686
625,4790,4791
4792,625,2690,4791
4792,2689,627,4793


731,733,735
634

2697,657,4348,655
656,657,2696
4348
4356
4354,651,652,2701
2700,4354,652
2708,636
2704,4804,4805
4802,4803,4805,2703,2739
4801,4802,2739,2707
2739,2707,638,4799
2705,2706,2739,638
4806,2702,2709,2710,636
4798,2708,4806,2710
2708,2709,4806
2739,637,4799
2713,643
2712,642,2714
641,642,2713,4796,4797


2723,1244
2719
1236,2718
2721,1236
2720,2722
2721,2723
2722,2717

4864,4863
1083,4862

4845,4846
4848,2730
4848,2729,2731
4848,2730,2732
4849,2731,1092
4857,4858,1086,1087
1085,1086,1087
4861,1085,4869
4938,1107,1106
1108,1245
1105,1106,1107
4802,4805,4806,2704,2705,2706,2707,2711,637,4799

4656,2105,2107,2742
4656,731,2741,4231
1844,2111,2110,4231
735
1764,4175,4531,149,2999,155,159
2113,701,719,4668,4669,4670
674,677,4211,4212,660,2166,661
4259,4260,1960,308,309
4704,1763,1764,148,149,4702,4703
2754,4546,4548,2989,216,218
4145,19,22
195,196,197,199,4694
224,4546,1746,1747,218
4556,2988,2989,1745,4788,216,2750
1217,2756,2759
2755,2757,2758
2761,2762,2756,2758
1216,2762,2756,2757
1217,2755,2760,1209,1212
2790,2759,1209,1210,1212
2757,1222,2762,2769,1212
1216,2757,2758,2761,2769
2790,2764,2767,2772,1210,1214
2763,1229,2766,2767,1214
2786,1225,1226,1229,2766
1226,2764,1229,2765,2767,2768
2790,2763,2764,2766,2768,1213
1223,1226,2766,2767,2770,1213
4032,1216,1222,2761,2762,2771
4032,1223,1225,1226,2768,2771
4032,2769,2770,1223
2763,1207,1210,1211,1214
2776,2793,4050,2795
2793,1204,2775
2793,1204,2774,2776,2779,2780
2793,4050,4051,2773,2775,2780
2784,2023,2791,1206,1207,2783
1209,2780,1206
2784,1204,1206,2775,2780,2781
4051,1206,2775,2776,2778,2779
2784,2794,2779,1204
2784,2783,2794,2023
2784,2777,2782,2023
2794,1206,2777,2779,2781,2782,2783
2787,2788,1205
2765,1225,1229,1231
4345,2785,1205
2785,2791,2789,1205
1208,2788,2791
2760,2763,2767,1210,1212,1213
2788,2789,2023,1205,1207,1208,2777
1208,1211,1207
2776,2773,2774,2775
2784,2781,2782
4050,1203,2773
1219,1224,1225,1228,2797
1224,1219,2796,1221
4032,1216,1221,2799,1215
1219,1220,1221,2798,1215
2801,1218,1220
2800,1218,1220,1215
740,741,742,2803,2804
741,742,2888,2930,2802
740,741,4614,4615,2802
4600,828,829
4608,4610,2807
4608,4611,2806
833,4611,4612,2809,2938
833,2810,4613,2808,2938,2811,2814
741,4614,4616,2809,2938,2814
4613,831,2809,2814,4607
833,4609,4610,4613,4601
2816,2815,821,824,2814,4607
4616,2815,2809,2810,2811,2813,4607
821,2813,2814
2817,821,824,2813,4606
2816,821,822,4603,4604,4606
834,4595
819,818,4603
2823,2821,812,815
811,2820,812
2944,2824,813,2942,2943
2820,812,815,816,820,2942
2822,2826,811,812,813,2942
808,2826,811
2824,2825,810,811,808,813
803,804,805,806,2828
2946,803,806,807,2827,2829
2832,2946,2828,807
801,803,804,795,796,2941
802,2832,2899,2900,799
801,2946,802,2829,2831
800,2881,2834,2940,799
2881,2833,2837,794,2939,2940
2836,790,2838,2841,793
2835,2837,2838,793,2939
2881,2882,2834,2836,793,2939,798
791,2835,2836,790,2839,2840,2939
2945,2840,2838,792,2939
791,2838,2839
2845,2835,789,790,793,2843,2877
2843,2844,790,791
2876,790,2841,2842,2844,2845,2846
2861,791,2842,2843,2876
2848,2860,789,2841,2843,2846,2847
2860,2864,2866,2843,2876,2845
2848,2851,2852,771,776,777,789,2845
777,2859,2860,2845,2847
2850,771,772
2849,771
771,2852,772,2878,2847
2851,2854,776,2857,2858,2878,2847
2882,774,2857,789,793,2877
2883,2852,2886,2858,2878,767
832,4780,4781,4782,788,1177,1179,1180,2879
2878,2883,772,2886
2852,2853,774,776,2858,789
2852,2854,774,2857,767
2848,777,778,2860,2864,2865
2848,2859,2864,2845,2846
786,2844,2876,791
2864,784,2866,785,2867,2869,2871
1800,1174,1175,1177,2879
2859,2860,2862,2865,2866,785,2846
2864,785,778,2859
2862,2864,2871,2876,2846
785,779,2869,2862
2875,780,781,782
779,2862,784,2867,2870,2874
784,2869,2872,2873,2874
2862,783,784,786,2866,2876
784,2873,2870,783
782,2870,2872,2874,2875
779,2869,2870,2873,2875
779,780,782,2868,2873,2874
2861,786,2866,2871,2843,2844,2846
793,789,2853,2841
2851,2883,2852,2854,772,2856
2855,1800,4781,2863,1177
2881,2919,775,2892,2902,798
2880,2833,2834,2901,2902,2837,798,799
2853,774,775,2837,793,798
2878,2886,2856,2854
2912,2913,2914,2915,2916,2917,2924,751
2923,748,750,751
768,2883,2854,2856,2894,767
2919,757,2902,2903,2904,2905
741,4616,2930,2803,2932,2935
746,2934
2916,2917,2918,2891,758,2907,764
2918,2890,2892,2893,2895,2896,2906,764
2880,2919,775,2891,2896,2905,2906,767
2891,2895,2898,762,763,764,765
768,2886,2895,2896,765,767
2891,2893,2894,2896,765
2891,2892,2894,2895,767
2915,2898,758,759,760,764
2893,2897,760,761,762,764
2900,2831
2899,799,2901,2831
2881,2900,2902,2903,799
2880,2881,2919,2887,2901,2903
2904,2901,2902,2887
2908,757,2887,2903
2919,2887,2892,757,2906
2918,2891,2892,757,2905
2917,2918,2890,757,2908,2910
2904,2907,757,2910
2922,2924,2925,2927,2910
2917,2924,2907,2908,2909
2912,2913,2914,2920,755
2913,2914,2884,2911
2912,2915,2884,755,756,2911
2912,2884,2920,2921,749,751,2911
2913,2916,2884,2897,756,758,759
2915,2884,2917,2890,758
2916,2884,2890,2924,2907,2910
2890,2891,757,2906,2907
2880,2887,2892,2902,2905
2921,754,2914,2911
2914,2920,749,752,753,754
2924,2923,2909,2925
2885,2922,748,2925,2924,751
2884,2917,2922,2923,751,2909,2910
2922,2923,748,2926,2927,2909
747,748,2925,2927
747,2925,2926,2928,2909
747,2934,2927
2933,2934,2935
742,743,2888,2803,2935
773,1158,2287
2888,2933,2935
2929,2932,2935
2889,746,2928,2929,2935
743,2888,745,746,2929,2930,2932,2933,2934,2937

745,746,2935
4611,4614,4615,2808,2809,2810,830
2945,2834,2836,2837,2838,2839,794
800,1901,2833,2834,794,2941
800,801,796,1901,2830,2940
2944,2822,2823,2824,812,820
2822,807,809,810,813
2942,820,814,2822
2839,792,794,2939,796
801,803,2828,2829,2832
2948,4081,4082,1170,4084,797
2947,4080,1169,4084,797
1184,1187,2950,2951,1183
1185,1186,1187,2949,1190,2951
1185,2949,2950,1182,1183
1984,0,3

64,66,4707,70,4710,1867,2956,1756,63
4708,266,2956,1756,63
2954,2955,1756,63
1858,41,1840,1937,766,255
2959,258,259,2423
161,258,261,262,2958,2423
260,2961,1939,2423,280,4538,4540
2960,1939,4246,278,4538
4746,4525,48,2994,2996,253
4771,4785,51,52,56
4742,4743,4716,2966,61
1762,263,4777,4237,2968,253
4743,1770,266,4716,2964,1756
4708,132,265,266,4724
1762,48,49,2965,253
4777,1770,265,4237,4723,59
4770,4774,1873,54,55,2972,1757
1761,4772,4774,80,81,85,56,1757
1930,85,54,55,2970,4380,4381
1865,1743,91,92,94
4769,98,68,83,84,85
2976,2977,116,117,118,4730
113,2977,118,2975
2976,113,115,116,4729,2975
4739,2980,102,103,4727
100,104,105,114,115
2978,100,102,2991,1874,4727
4736,1306,123,124
120,4733,1933,2983
122,1933,2982
4732,4733
4734,126
210,211,212,2987
4549,2986,210,212,213
2754,4556,208,1745,209
2754,4548,4549,4556,213,219,2750
101,200,201,203,4726,4695
100,1874,2980,101
1857,4748,48,2993,50,49
2992,1857,4748,46
4746,42,47,2962,2996
1856,44,45,4785,52
1858,42,1840,2994,2962
160,4705,4529,4530,158,4703

1826,1764,1765,140,4175,3000,2745,4702
1765,4779,2999,1852,4701,4702
1826,1830,137,138,139,4754,4756


























































































































































































































































































































































































































































































































































































































































































































































































































































































































































































































































4021,4022,4023
1193,4020,4022
1193,4020,4021,4023,4024
4024,4020,4022
4025,4026,4022,4023
4024,4026,4028,4029
1192,4024,4025,4029,4030
4028,4029,4031
4025,4027,4029
1192,4025,4026,4027,4028,4031
1192,1193,4026
1192,4027,4029
1216,1221,1224,1225,2798,2769,2770,2771
4034,4037,1191,1194,4047,787
4033,4035,1194,1197,4047,4048
4034,4036,4041,4042,1197,4047
4042,4035,4039,4047
4033,1186,4038,4039,1191,4047
1186,4037,1190,4039,4046
4036,4037,4038,4044,4046,4047
4072,4041,4042,1195,1196,4043,4057
4035,4040,4042,1195,1197
4040,4041,4035,4036
4072,4040,4044,4076,4049
4049,4043,4046,4039
1189,4103,4105,4046,4049
1189,4038,4039,1190,4044,4045,4049
4033,4034,4035,4036,4037,4039
1194,4034,1197
4101,4103,4043,4044,4076,4046,4045
2795,4051,1203,2773,2776,4059
2776,4050,2780
4053,4074,4059,4061
4058,4059,4052,4061
1198,1199,4056,4057,4058,4060
4056,4057,4075,4072
4075,4054,4055,4057,4060
4072,4040,1196,1198,4054,4055,4056
4060,4053,4054
4050,4052,4053
4070,4075,4054,4056,4058,4062
4064,4073,4074,4052,4053,4063
4065,4066,4068,4070,4060,4063
4064,4065,4061,4062
4073,4065,4061,4063
4064,4066,4062,4063
4065,4067,4068,4062
4069,4066,4068,4108
4066,4067,4069,4070,4062
4067,4068,4070,4071
4068,4069,4071,4075,4060,4062
4075,4076,4069,4070
4040,4075,4076,4043,4055,4057
4064,4074,4061
4073,4052,4061
4070,4071,4072,4076,4055,4056,4060
4101,4102,4071,4072,4075,4043,4049
1164,1165
1168,1169,1165,4079
1169,4078,1167
1168,2948,4084,4085
2947,1800,4082,4083,1170,4092,4093
2947,4081,4084,4086,4090,4091,4092
1800,4081,1170
2947,2948,4080,4082,4085,4086
4080,4084,4086,4087,4088
4082,4084,4085,4087,4090
4085,4086,4088,4089,4090,4095
4089,4085,4087
4096,4104,4087,4088,4095
4082,4086,4087,4091,4095
4106,4082,4090,4092,4095
4106,4081,4082,4091,4093,4094
1800,4081,4092,4094
1800,4106,4107,4092,4093
4096,4097,4106,4087,4089,4090,4091
4097,4098,4104,4089,4095
4096,4098,4099,4100,4106,4095
4096,4097,4099,4102,4104,4108
4097,4098,4131,4100,4101,4102
4097,4099,4101,4103,4106,4107
4099,4100,4102,4103,4076,4049
4098,4099,4076,4101
4100,4101,4105,4107,4045,4049
4096,4089,4098,4108
1188,1189,4103,1800,4107,4045
4097,4100,4107,4091,4092,4094,4095
4100,4103,1800,4105,4106,4094
4104,4098,4067
251
4385,4386,179,173
193,194,195,197,198,173,174
10,18,4150,4151
4152,17,10,4150
288,291,2406,4243,4246,279,4543
2407,296,295,297,299,1944
4259,4260,293,1958,4247,4249
4376,4377,373,374
371,374,375,4378,4379
4376,4378,372,373
371,372
4257,1954,4258,1957,4261,1754,4255
18,26,28,1882
1775,31,30,4151
152,161,154,1952
1953,1766,1863,152,154
4127,156,157,1951
160,4531,157,4126
1963,1078,2424,1754,4255
233,4372,4373,238
1024,1025,4191
4099









4148,1983
4163,4,15,16,21
16,4145,4144
4145,23,4143
4143,16,4144,19,21,22,23,2751

770,1959,273,4242,274,310
12,4141,14,1983
227,228,1746,4786,217
10,1775,1776,4113,4112,4151,4152,314
1775,4112,18,4150,4123
9,4113,17,19,20,4150,314





4706,131,1767,72,75,4757,4758




1249,4,4142,15
25,5,4165,1981
2,4164,6,25,1981
2466,2467,4567,345,348






142,4749,4174
1765,137,4779,4749,4173,4753
1953,140,2999,2745,155
2213,2214,2215,425,426,427,4340



1013,1011,4181
1817,4180,1013
1824,1017,1016
1824,1017,1018,1829
1829,1018,1019,1020,1022
1818,1819
1020,1831
1028,4359,1834,1836,1838,1842,1023
1027,1028,1838,4223
1026,1027,4223
1025,1026,1027,1842
1024,4130
1846
4232,703,702,1815
2176,2177,690,694,695,696,2136
689,2139,2140,2141
681,682,1837,685,2174
688,2179,2180,699
672,2172,2167,679
2186,2187,4659,724,727,730
4652,4656,725,729,2109,2110
4673,4674,2186,721,2108
4672,4673,4674,2114,721,722,4671
705,1999,2133
704,676,4518
2116,4679,712,4681,2121,4206
712,2121,714,2122,4205,2191
714,2118,2119
738,2123,711
738,2123,2126
2168,2170,688,679
2747,4212,678
674,678,679,4211,2167,2747
4215,1049,4214,1047
728,1047,4213,4215,2104
728,1049,4213,4214
2185,4654,4655,4662,728
2184,723,724,4663,4664
4672,4673,720,722,4664,4665,4666
1056,2115,4667,716
2115,4676,4677,716,719,4667,4668
4680,1065,715,717,718
2178,708,701,697,700,4669
1026,1027,1838,4188,4189



736
736,4229,1012,733,735
1012,4228,733,734
1844,731,732,733,734
4656,1844,2742,2743,731,2110
2112,4193,4651,689,694,1815,2137,2138,703



262,264,4237,4722,4723,4725
263,4777,4236,4722,4723,2965,2969
1953,4754,4756,140
152,1771,134,1863
36,37,1833,1934,272
769,770,291,274,275,4543
770,292,4147,4244,310,1751
288,291,292,296,4114,4245,1944
292,295,296,4242,1751,4250
4243,770,291,292
2961,4114,1940,1941,278,279,4538,4543
4252,4116,293,294
293,294,1958,1751,4250
4260,307,4116,1752,313
294,295,4244,1751,4248
294,295,299,300,306,4252
1955,294,306,4247,4251
1955,1956,305,1752,1753
299,300,301,2407
4256,4128,1954,2424,4121,1754
2424,1954,4255
312,4121,1954,1957
4261,1957,313,311,4121
4260,1958,4116,309,1751,2748
4249,4259,308,4116,311,313,2748
4258,4262,313,4121,1754
1956,4261,1752,313,1754
1080,1081,4266,2421
1964,304,1971,2420,1081,474
304,1961,1971,1078
4263,472,1964,2420,1080,1081
364,4268,2326,378,379,382
4267,2327,2328,382,383
4270,4271,379,380,2333
4269,381,404,380,2333
392,4269,2326,2327,379,2333,382
2336,391,4273,4274,4275,2329
2336,2337,391,393,2346,4272
2338,391,2346,4272,4275,2335
4272,4274,2331,2335

385,2345,2330,2331
386,389,2345,4279,4280,4281
4280,386,387,4278
387,389,2343,2344,4278,4279
385,389,390,2343,2345,4278
401,388,4345,2342
2342,400,401,1778,4345
397,398,402,403,1778
2340,4286,399
2340,399,402,1778,4285
4289,2310,2311,407,411,2333
4289,411,412,4341
2208,4288,4290,2311,411,412,4287
2208,4289,2309,4293,2311,409,414
417,2307,2308,4294,406,410
4293,4295,410,2205,414
2208,2210,4290,4292,2206,2205,414
2305,417,4291,4295,410
2305,2306,4292,4294,410
1848,377,404,381
2307,326,2312,331,376,2302
4304,2201,420,424
2211,423,4338,4339,415
2202,2203,421,422
2305,418,2306,330,4302,2203
329,330,4301,2195,2203
418,423,2204,2205,415
4298,2202,419,2201
424,2197,2198
322,323,325,4313,2300
321,4308,4310,1847,2296,318
2296,4307,317,318
328,2304,331,2302
321,322,325,1847,4307,4311
321,325,4310,2298,315,316
324,325,327,1845,4313,2298,2299
325,4306,4312,2299,2300
328,2299,1845,2303
360,2314,2315,362,363
357,358,360,361,2315,2317
4320,358,360,2314,2316
1232,359,1230,4319
4320,359,2318,1232,4318
359,2314,2316,2318,2319,4317,4319


4324,2220,2223,4335,435,445
4323,2220,2349,444,445
2234,2235,2220,4335
2232,433,2219,430
576,2219,433,434,2228,2229,2231,446,575

4344,2217,2233,2222
2216,2217,429
2218,429,2222


428,2212,2221,2215
4323,4325,426,2220,435,2234
427,2212,413,2214
416,2211,2214,4338,413
416,2211,4299,4337,4339
4338,4299,420,423
4176,425,2213
4288,411,412,2216
449,452,1967,2226,2227,4343,443
452,453,1966,1967,4342
4329,2219,2222,431,430,2233
2787,1098,400,401,4282,4283


2696,2698,655

4356

653
652,651,4356
2700,2701
4356,654
4355,4353,2699,4350


1834,4187,1029,1838
4361,245,246,247,248
248,4360,246
248,249,251,247


4368,241,240,239
4784,242,1860,4367
4784,244,245,4366
240,241,4365
1859,235,236,237,242,4375
233,234,235,236
1860,236,238,239,4374,4375
232,4129,4373
4129,4372,233
1860,239,4784,241,243,244,4371
1860,236,4369,242,4371
4119,4117,373,374,4378
4117
371,372,4119,374,4118,4376
371,4118
98,99,85,2972,4381
2972,1930,99,4380
96,97,94,95
4384,168,170,171,176
167,168,176,1878,4383
177,171,179,4110
193,194,173,4110,179,4696
166,167,4775,181,1878,182,183
4775,176,177,178,179
184,185,186,4391
197,198,199,4776,201,202,203
4389,1876,184,186,190,191
579,580,581,583,4404,2396,2397,2398,2399
4394,4395,2398
2400,583,584,4393,4395,4396,2398
2401,584,4393,4394,585
2400,583,4394,587,4405,2399
2400,586,587,588,601
585
2039,2040,569,2396,2397,572




4392,2395,2396,581
582,586,587,4396,2399
4408,2098,571
571,2098,2099
2098,2099,4406
536,2100
4512,2074,2061,4462,2064,506,509
2084,2100,534,535,536,537
533,2028,532
4420,2084,2026,2030,532,537,1946
2025,4415
2084,2025,1946,539,4414
538,539,2026,1946
2082,538,4418
4417,2082,4424,2089,542
2082,2026,2030,538,1948
4421,4425,2028,2030,2031,532,4413
4420,4425,2030,1948,540
2082,4423,2089,1948,540
4422,2089,4427,531,540
4418,2089,4435,4438,542
4420,4421,2031,2032,540
2032,530,2029,2031
4423,2032,2034,531,568,540
529,2029,4430
528,2035,516
4428,2029,2032,529,568,1945
544,4432,528,2033,4434,543
544,528,2035,4431
544,547,4452,526,2035,4441
4431,2033,2034,568,1945,1947,543
4424,2089,2034,531,4438,541
544,4437,4441,4442,1947,543
2027,4443,4436,4442,1947,541
546,2083,548,4424,4435,2036,541,542
570,565,2039
2048,2079,551,4447
544,547,4433,4436,4442
545,2049,547,2027,4436,4437,4441
2049,2027,2036,4437,541
2081,546,2049,4445,4446
4450,546,4447,4444,4446,2047
2081,4450,4451,552,4444,4445
2048,4450,4440,2079,4445,2047
507,2074,2075,508,4510
2048,552,559,2037,4469,4470,2042
2048,552,4445,4446,4447
2081,550,552,2097,4446
2055,525,526,4433,2035
520,514,2051,4454
514,2050,4453
2051,2052,2053,4456,520,502
2050,2053,4455,520,4511
545,549,550,2056,2091,4459
739,549,2056,558,4465
2056,4457,2091,525,526
739,2056,2092,525,527
517,2055,2057,2092,4479
4512,2064,4410,4506
517,2086,518,524,527,4464,4500
518,523,524,4463,4499
549,4458,2058,558,4495,4466
2096,4465,549,4495
2096,549,550
557,2094,559,2097,4469
4449,552,559,2097,4468
2080,4449,559,2095,2037,4476
4488,2043,557,2095
4473,2090,566,567
563,566,567,4472,4477
2038,563,4475,4478
2080,560,2038,4474,4476,4478
2080,560,2037,4470,4475
1949,563,566,4473,2045
2080,2095,562,563,4474,4475,2044,2045
515,2052,2053,2055,2057,4461
675,4516,564,2041,570
4513,4482,675,561,564,2070
4481,4483,4485,556,561,2070,2046
4482,4484,4487,556,2046
4483,4487,553,4490,556,2069
4482,4488,561,562,2043,2044,2046
2054,4487,4488,4489,557
4483,4484,2054,4486,4488,4490,2046
4485,4486,4487,557,4471,2043,2046
4486,2054,554,557,2094
4484,2054,4487,553,2093
553,2093,2068,4493
2061,2074,508,509,510
4491,2060,2093,4494,4496,4498,2068
2054,522,554,2093,4493,4496
522,555,2058,2062,2096,4465,4466
522,4493,4494,2062,4498
521,523,2059,2060,4498
523,2060,4493,2062,4496,4497
518,519,521,523,4464
2057,517,2086,4463
513,2086,518,2063,2065,2066
503,4504,2087,4503,504
502,2087,4502,503
512,2087,4502,2071,504
512,513,2052,2087,2066,502
4512,4462,2063,2064,2065,4507,511
4512,2085,505,4506,511
4510,2077,2199,505,4509,2078
4512,505,506,2075,4508,4510
4448,507,4508,2075,2076,2077,4509
4456,515,516,2053
4410,4462,4506,505,506,4507,4509
4481,4514,675,4517,2128,2070
4513,4515,2128,2069,2070
2128,4514,2069,2127
4480,675,676
4513,675,676,4518,2128
704,676,4517,4521,4204,2128
709,2127,2128,4692,2073
2072,2073,507
704,4518,710,2128,2133

4527,1858,255
256,4526,4527,1937,1938,255
2962,253,254,4527
256,257,258,261,4524,1938
257,4523,4524,4525,1938,254,255
2404,260,267,4529,280
4705,2404,267,4528,2997,1755
160,159,149,2997,4703
160,2745,155,4127,159
257,261,263,4722,254
269,1934,1935,270,4534
769,269,1934,271,272,4533
269,271,1936,275,4536
4544,1936,275,276,277,4535
259,1939,276,277,278
2960,2961,1941,4246,280
280,1941,1942,1943
2960,260,2423
288,289,2406,1943,1944,4542
289,290,297,1944,4541
4544,291,4241,4114,275,1940,4246
275,1940,277,4536,4543
224,225,1748,222,223
2753,4548,1747,1749,218,220,221,2750
217,228,229,223
4546,2989,1749,219,2750
2987,213,219,2989
4787,214,215,216,218
4552,206,207,1744,1745,4788,214
4551,231,4557,207,214,215
4554,4557,205,206,207
4557,4553,205,230
1850,227,230,231
2754,2988,2989,209,210,213
230,231,4552,4553,4554,207


334,1750,342
336,2464,334,335
2466,341,333,342
2466,2467,2468,341

2472,2452,340,2453,2454
353,2447,2448,2449,2450,2451
2467,4166,343,4568,345,2463
2469,4567,347,343,2463

2627,4580,2643,851,2644,4571
2625,851,2644,4570,2622
4640,2625,2614,2620,2621,2622
2642,2620,2621,4574,2623
2626,4579,2642,850,4573,2622,2623
2656,4578,853
866,875,876,2615,4632,4638
4646,2616,853,854
2656,4579,2642,853,2616,2620,4575
2656,4578,850,2642,4574
2627,848,2644,2645,2647,4570
2627,2628,2629,2645,2646
847,849,2643,852,4597
2628,2629,2630,843,2648
2630,2631,4585,2634,2648
4584,2634,4586,2637,2648
840,4585,2634,2635,2637,4593,2652
2633,842,841,844,4589,4590,2649
841,842,2635,4593
2632,4587,844,845,4590,2650
2633,4587,4589,845,2651
2659,2660,837,836
2661,838,839,2636,2639
841,2634,2635,4588,4586
835,4596,2663
825,2818,826,4598
835,2659,2662,4594
2627,4582,847,2643,2646
4595,826,827,4599
4602,4598,4600,4601,826,827,828
4609,2805,4599,4601,828,829
4609,4613,4599,4600,4602,2812,831
4599,823,4601,826,831
2817,2819,817,819,822,4604
2817,814,817,821,4603
2497,2666,2617,2618,859,860,863
2816,2817,822,823,824
824,2811,2813,2814,831
4610,4611,4612,2806,2807
4610,4600,4601,2812,829
4608,833,4609,4612,2806,2812
4608,4612,2807,2808,2938,830
4608,833,4610,4611,2808
833,4601,2809,2811,2812,831
2810,741,4615,2804,2938
740,4614,2804,2938,830
2888,2810,741,2814
2657,4618,487
488,4617,2658,2657
2657,2658,4620,489
489,4619
483,4622
484,4621
483
4625,925,926
2533,2534,4624,925,926
2664,4909,882,883,886,887
2496,2497,880,881,4628,862
2496,2497,2499,2665,882,4627
2496,880,881,884,4630,2495
879,880,4629,4631,2494,2495
877,879,4630,2493,2494
4576,4643,4649,876,878,2615,4633
875,876,878,4632,2490,2491,2492,2493
866,867,2475,2477
869,2478,2477
868,2020,869,2478
2020,870,2476,2478,2479
4576,2619,866,2475
2616,4642,2620,2614
2625,2641,851,852,2614,4572
4642,2640,2641,2613,2614,856,857
4641,4644,2616,2614,855,856,4639
4645,4649,878,880,4632,2491,862
2616,4642,4646,855
4643,4647,4648,4649,2617,858,862,863
4577,4644,4647,854,855,2616,859
4645,4646,854,2617,858,859
4649,858,4645,861
4643,4645,4648,2615,4632,861

2112,4232,4671,725,2111,703
4200,4656,4660,729,2107
2106,4662,2105,730,2107
4216,2185,1849,4655
728,1849,4216,4654
4231,4200,4652,2741,2742,2107,2110

1047,2102,2103,1048,2104
4199,730,726,727
2187,4652,729,2106,2107
1048,1052,2101
2185,4653,728,2104,2105,730,4216
2184,4217,723,1052
4673,4665,723,724,4217,4218
1057,4218,723,4664,4666
1057,716,720,4665,4218
1056,1059,2115,4677,4678,2188,4219,4220
2113,716,719,720,2746,4220
4675,708,719,2746,701,4222
2113,2114,722,2135,696,2746,701,702
2114,4674,4202,4651,725,702,703
4673,4218,4202,722
4672,4201,2186,4202,721,724,4664,4218
4201,4202,721,725,2108,2109,4671
707,708,4676,2181,2190,719,4669
4675,4677,2190,719,2192,4220
4676,2188,2189,2192,4667,4220
1059,4667,715,2188
2116,4681,717,718,4205
1065,4682,713,717,4221
4679,712,4682,717,4205
4680,713,4681,714,712,717
2433,2117,2118,1065,713,2354
4685,2353,2359,475,476,477
4684,4686,4688,2353,477
2433,4685,4687,4688,477
2432,2433,1070,4686,4688,479
4685,1070,4687,4686,4689,2353,2356,478
2368,1070,4688,1073,1074,2356
1072,1073,2427,1068
2368,2440,1965,2352,2356,2358
2128,709,710,4519
4694,195,174,175
2752,195,196,4693
200,101,2990
4386,194,198,178,179,189

145,146,143

144,145,1772
4704,147,3000,1852,4702
4704,1764,2749,2999,3000,4701
1763,4530,2997,149,2749,158
2749,4778,147,148,4701,4702
4529,1755,2997,158
64,4707,72,75,4158,63
64,2954,4706,63
132,4759,266,2955,2967,63
67,4711,72,1867,1869,1872
69,70,2954,1867,1871
67,4709,71,4712,1869
67,69,71,4711,73,1871
1760,69,73,74,76
69,70,76,4717,78
65,4773,4742,4716,78,62
65,66,4742,4715,2964,2966,1756
4773,4714,76,77,78,80,1875
202,1866,204,203,4719,1876
1866,204,1870,4718
192,1866,164
1872,4739,1869,165
261,262,263,4236,4237,4532
264,265,4236,4237,4724,2969
132,264,265,1769,4723,2967
264,1771,4236,262
1874,2990,101,102
2978,2980,1861,100,103,104
112,107,108,1773
2977,105,112,113,115
117,118,119,4731,2975
117,119,120,4730,4732
2984,119,120,4731,4733
2982,2984,1933,120,4732
2985,126
4736,124
124,2981,4735
1768,129,110
4739,1861,103,106,108
2978,4738,165,103,4721
4741,51,56,57,61
4772,4740,56,61,62
4715,4716,2964,61,62
1770,2964,2966,58,60,61

48,1857,4746,47
4745,47,48,2994,2962
4785,50,51,57,58,1758
45,46,2992,2993,4785,50
142,4779,4173,4174
128,130,1862,4751,151,127
128,129,130,1825,4750
1825,138,1827,135
136,137,4174,1830
3001,139,4756,4238
130,1827,1766,1863,151
1826,140,4238,4754,3001
1767,72,109,4762,4158
131,1767,1768,110,4762,4158,127
131,132,4708,75,4760,63
4761,131,132,4759
131,132,133,1862,1769,4760
1767,1773,110,109,4757,4758

71,73,74,1879,188
180,185,186,187,188,93
1760,74,187,79
79,84,1877,92,93,1759
1864,1742,87,89,90
97,98,2974,94
4771,1873,52,53,2970,1757
4770,2963,52,56,1757
1761,4741,56,2971,62
1761,4715,4717,78,80,62
85,55,2970,2971,1757
4387,4388,176,178,1878,183
4390,198,202,1876,189
1762,4237,2965,2969,59
4704,148,150
1765,4749,4174,142,3000,1852
2855,1800,4781,4782,4783
1800,4780,2879,2855
2855,4780,4783,788,1181
1800,4780,4782,1183
1860,4366,4367,244,4374
4747,4748,45,50,2995,52,2963,51
226,227,228,4149,1850
227,4550,1746,215,218
2754,4551,1745,214,216
624,2687,2686,623
2688,625,624,2687
2688,2689,625,628,4792
2689,2690,627,628,4791
626,627,2690
640,4796,4797
641,642
4794,2714,640,4797
4794,2714,4796
637,2709,4806
4800,2706,2739,2711,638
638,4799
2705,4802,639
4801,4803,2704,2705,2739,639
2704,4802,639
635,4805,2703
4804,4806,2703,2704,2739,635
4805,2739,2708,2709,2710,635,636,637,4798


617
618,2684
4812,593,594,598,2393
2393,594,4811
594,595,597,598,2391,2392
596
619,2675,2676
2680,2681,4817
4816,2680,2679
2371,612,615,2160,2163
609,2370,612,615,662
609,4842,1015
606,4842,1021,4822
4842,1822,4821,4823,606
2373,2374,2377,1822,4822,606
4825,2378,603,602
2375,2376,2379,4824,603
608,2377,2379,603,4827
608,4838,2377,2382,4826,1822
2374,2377,2379,604,605
602,611,4830,599
2386,4829,591,599
4832,4833,4835,611,599
4833,4835,2385,2387,2388,4831
4832,4834,591,2388,599,4831
4833,2402,590,591,2388
4832,611,2382,2385,4831
2370,1843,2380,614
4838,4839,2381,2382,2383,2385
4837,4839,2382,4827,1822,607
4837,4838,4842,2381,607
600,4841,588
4840,588,1816,2387,600,601
609,610,2372,4839,2381,1843,4820,4821,4822,1015,1021,1822,607


2728,4866
2728,4847
4848,4846
2729,2730,2731,4847
2732,1093,1092
4853,4851,1093
1093,4850,4852,4853,4854
4851,1092,1093,4854
4850,4851,1091,4854
1090,1091,4851,4852,4853,4855
1088,1090,1091,4854,4856
1088,1089,1091,4855
1089,4858,4859,2733
2733,4857,4859,4860,1087
1088,1089,4857,4858,4860
1088,4858,4859,1087
1085,4869,2735
1083,2726,4863
1083,2725,4862
4865,2725
4864,4866
4865,4845
4868,1084
4867,1084
4861,2735

953,986,4874,957
2563,2012,2011,2564
962,964,965,968,2009,2559
4871,4875,953,2554,957,958
4874,2556,958,959
936,4877,2546,2548,949,951
935,936,4876,2543,2548
4881,2539,935
928,2537,2539,2540,2541,4881
929,2532,2533,2536,2538,924,927
932,935,2539,2540,4878,4879
2530,2531,4912,917,918
2528,2529,4884,919,920,2013
2528,893,4883,2013,894,2527
896,4907,4910,2514,885,893,895
938,2513,917,2519,4920
940,2524,2525,950
2552,950,2550
4896,992,2584,4891,988,991
984,2568,983
992,4911,2583,4889,988
992,993,2582,2583,2011,989
4896,2580,990,991
992,2579,989,991
2565,2566,2569,2570,984
2670,2584,4889,4893,990,991
4898,2517,910
4897,910,911,913,2517
4900,901,902,904,906,2512,4915
4899,903,904,905,906,907,2511
2592,907,909,1007,2015
941,913,914,915,2518
899,2513,915,916,2518,2519
904,912,2512,914,916
2512,899,916,901
942,945,946,947,2523,2524,2525
4913,2514,4885,890,891,895
2499,4909,884,885,891,895
2499,4908,4626,882,885,886
2668,4885,885,886,893
960,4891,963,2583
2530,933,938,4882,917,2526
897,4907,2508,2514,889,890
897,900,902,2507,2671
4899,902,906,2507,2006,2007,2008
2019,2500,2503,2505,2607,2005
2502,2504,908,2509,2007
2510,1007,1009,1010,4919,2015
2595,2510,1010,2004,4918
933,938,939,940,4886,2519
941,942,943,945,2521
896,898,2513,2514,917,894,2527
993,2578,2579,989














2736,1107
869,2477

